bet_id,date_placed,event_name,event_date,fighter_red,fighter_blue,pick,odds,stake,kelly_fraction,model_probability,status,result,profit,roi
1,2025-04-14,UFC 314,2025-04-12,Michael Chandler,Paddy Pimblett,Paddy Pimblett,1.62,130.0,,,closed,win,80.60000000000001,62.000000000000014
2,2025-04-14,UFC Fight Night Garry vs Prates,2025-04-27,Ian Machado Garry,Carlos Prates,Ian Machado Garry,1.82,260.0,,,closed,win,213.2,82.0
3,2025-04-30,UFC Fight Night,2025-05-04,Juliana Miller,Ivana Petrovic,Ivana Petrovic,1.42,140.0,,,closed,loss,-140.0,-100.0
4,2025-05-12,UFC 315 ,2025-05-11,Alexa Grasso,Natalia Silva,Natalia Silva,1.46,180.0,4.0,0.860112611060347,closed,win,82.8,46.0
5,2025-05-12,UFC Fight Night,2025-05-17,Jared Gordon,Thiago Moises,Jared Gordon,2.0,176.87,4.0,0.7860524309717569,closed,win,176.87,100.0
6,2025-05-12,UFC Fight Night: Burns vs. Morales,2025-05-12,Sodiq Yusuff,Mairon Santos,Mairon Santos,1.76,74.54928811538528,1.0,0.905294962943009,closed,win,56.65745896769281,76.0
7,2025-05-12,UFC Fight Night: Burns vs. Morales,2025-05-12,Dustin Stoltzfus,Nursulton Ruziboev,Dustin Stoltzfus,3.35,53.96133126550864,1.0,0.6949104991418739,closed,loss,-53.96133126550864,-100.0
8,2025-05-12,UFC Fight Night: Burns vs. Morales,2025-05-12,Jared Gordon,Thiago Moises,Jared Gordon,1.94,53.32759171118624,1.0,0.7860524309717569,closed,win,50.12793620851506,94.0
9,2025-05-12,UFC Fight Night: Burns vs. Morales,2025-05-12,Luana Santos,Tainara Lisboa,Luana Santos,1.71,52.39161518009807,1.0,0.8125961440453948,closed,win,37.19804677786963,71.0
10,2025-05-12,UFC Fight Night: Burns vs. Morales,2025-05-12,HyunSung Park,Carlos Hernandez,HyunSung Park,1.66,65.77017372782178,1.0,0.876249141812631,closed,win,43.40831466036237,65.99999999999999
11,2025-05-25,UFC Fight Night: Blanchfield vs. Barber,2025-05-25,Dustin Jacoby,Bruno Lopes,Bruno Lopes,2.47,75.58,14.0,0.8119755539216853,closed,loss,-75.58,-100.0
12,2025-05-25,UFC Fight Night: Blanchfield vs. Barber,2025-05-25,Jafel Filho,Allan Nascimento,Jafel Filho,2.39,71.37,14.0,0.7940746863778831,closed,loss,-71.37,-100.0
14,2025-06-02,UFC 316: Dvalishvili vs. O'Malley 2,2025-06-02,Vicente Luque,Kevin Holland,Vicente Luque,2.8,23.8,4.9,0.5961061442617109,closed,loss,-23.8,-100.0
15,2025-06-02,UFC 316: Dvalishvili vs. O'Malley 2,2025-06-02,Serghei Spivac,Waldo Cortes-Acosta,Waldo Cortes-Acosta,2.11,23.8,4.9,0.8075898431296906,closed,win,26.418,111.0
16,2025-06-04,UFC 316: Dvalishvili vs. O'Malley 2,2025-06-04,Khaos Williams,Andreas Gustafsson,Khaos Williams,1.53,23.8,4.9,0.7674577482559611,closed,loss,-23.8,-100.0
17,2025-06-05,UFC 316: Dvalishvili vs. O'Malley 2,2025-06-05,Vicente Luque,Kevin Holland,Vicente Luque,3.2,23.8,4.9,0.5961061442616807,closed,loss,-23.8,-100.0
18,2025-06-05,UFC 316: Dvalishvili vs. O'Malley 2,2025-06-05,Serghei Spivac,Waldo Cortes-Acosta,Waldo Cortes-Acosta,2.17,23.8,4.9,0.8075898431296605,closed,win,27.846,117.0
19,2025-06-05,UFC 316: Dvalishvili vs. O'Malley 2,2025-06-05,Khaos Williams,Andreas Gustafsson,Khaos Williams,1.53,23.8,4.9,0.7674577482559611,closed,loss,-23.8,-100.0
20,2025-06-09,UFC Fight Night: Usman vs. Buckley,2025-06-09,Kamaru Usman,Joaquin Buckley,Kamaru Usman,3.15,23.1,4.9,0.6367334508839881,closed,win,49.665,215.0
21,2025-06-09,UFC Fight Night: Usman vs. Buckley,2025-06-09,Rose Namajunas,Miranda Maverick,Miranda Maverick,3.1,23.1,4.9,0.8009860342617601,closed,loss,-23.1,-100.0
22,2025-06-09,UFC Fight Night: Usman vs. Buckley,2025-06-09,Cody Garbrandt,Raoni Barcelos,Raoni Barcelos,1.61,23.1,4.9,0.8740439992754022,closed,win,14.091000000000005,61.00000000000001
23,2025-06-09,UFC Fight Night: Usman vs. Buckley,2025-06-09,Paul Craig,Rodolfo Bellato,Rodolfo Bellato,1.28,23.1,4.9,0.9118409490408568,closed,void,0.0,0.0
24,2025-06-09,UFC Fight Night: Usman vs. Buckley,2025-06-09,Ricky Simon,Charles Jourdain,Ricky Simon,1.59,23.1,4.9,0.805016136779833,closed,win,13.629000000000003,59.00000000000001
25,2025-06-10,UFC Fight Night: Usman vs. Buckley,2025-06-10,Phil Rowe,Ange Loosa,Ange Loosa,1.71,23.1,4.9,0.7509322481099743,closed,loss,-23.1,-100.0
26,2025-06-15,COMPENSATION RICKY SIMON CAR PAS VICTOIRE MAIS ANNULE,2025-06-15,AJ Cunningham,AJ Dobson,AJ Dobson,1.8,23.1,4.0,0.5332296677488716,closed,loss,-23.1,-100.0
27,2025-06-15,RICKY SIMON MODIF ,2025-06-15,AJ Cunningham,AJ Dobson,AJ Dobson,1.95,10.0,4.0,0.5332296677488716,closed,win,9.5,95.0
28,2025-06-17,UFC Fight Night: Hill vs. Rountree Jr.,2025-06-17,Jamahal Hill,Khalil Rountree Jr.,Jamahal Hill,2.12,23.4,4.9,0.8112188511113362,closed,loss,-23.4,-100.0
29,2025-06-17,UFC Fight Night: Hill vs. Rountree Jr.,2025-06-17,Rafael Fiziev,Ignacio Bahamondes,Ignacio Bahamondes,1.77,23.4,4.9,0.8567195821888776,closed,loss,-23.4,-100.0
30,2025-06-17,UFC Fight Night: Hill vs. Rountree Jr.,2025-06-17,Muhammad Naimov,Bogdan Grad,Bogdan Grad,2.75,23.4,4.9,0.8264559749287914,closed,loss,-23.4,-100.0
31,2025-06-17,UFC Fight Night: Hill vs. Rountree Jr.,2025-06-17,Ismail Naurdiev,JunYong Park,Ismail Naurdiev,2.5,23.4,4.9,0.6476170616984935,closed,loss,-23.4,-100.0
32,2025-06-17,UFC Fight Night: Hill vs. Rountree Jr.,2025-06-17,Hamdy Abdelwahab,Mohammed Usman,Hamdy Abdelwahab,1.54,23.4,4.9,0.8000512258190483,closed,loss,-23.4,-100.0
33,2025-06-24,UFC 317: Topuria vs. Oliveira,2025-06-24,Brandon Royval,Joshua Van,Joshua Van,1.84,21.41,4.9,0.7972921632862374,closed,win,17.9844,84.00000000000001
34,2025-06-24,UFC 317: Topuria vs. Oliveira,2025-06-24,Beneil Dariush,Renato Moicano,Beneil Dariush,2.01,21.41,4.9,0.6457149004750464,closed,win,21.624099999999995,100.99999999999996
35,2025-06-24,UFC 317: Topuria vs. Oliveira,2025-06-24,Jack Hermansson,Gregory Rodrigues,Jack Hermansson,2.6,21.41,4.9,0.6934719520329028,closed,loss,-21.41,-100.0
36,2025-06-24,UFC 317: Topuria vs. Oliveira,2025-06-24,Hyder Amil,Jose Delgado,Hyder Amil,2.5,21.41,4.9,0.7115306060934812,closed,loss,-21.41,-100.0
37,2025-06-24,UFC 317: Topuria vs. Oliveira,2025-06-24,Viviane Araujo,Tracy Cortez,Tracy Cortez,1.42,21.41,4.9,0.8417296044998334,closed,win,8.992199999999999,41.99999999999999
38,2025-06-24,UFC 317: Topuria vs. Oliveira,2025-06-24,Terrance McKinney,Viacheslav Borshchev,Terrance McKinney,1.54,21.41,4.9,0.8544897505685886,closed,win,11.5614,54.0
39,2025-06-29,UFC Fight Night: Lewis vs. Teixeira,2025-06-29,Derrick Lewis,Tallison Teixeira,Derrick Lewis,2.65,21.71,4.9,0.6892693250716279,closed,win,35.8215,165.0
40,2025-06-29,UFC Fight Night: Lewis vs. Teixeira,2025-06-29,Calvin Kattar,Steve Garcia,Steve Garcia,1.7,21.71,4.9,0.8307860660376243,closed,win,15.197,70.0
41,2025-06-29,UFC Fight Night: Lewis vs. Teixeira,2025-06-29,Jake Matthews,Chidi Njokuani,Jake Matthews,2.08,21.71,4.9,0.6307147251622955,closed,win,23.446800000000003,108.0
42,2025-06-29,UFC Fight Night,2025-06-29,Nate Landwehr,Morgan Charriere,Nate Landwehr,2.95,21.71,4.0,0.7510366283129891,closed,loss,-21.71,-100.0
43,2025-07-15,UFC 318: Holloway vs. Poirier 3,2025-07-15,Kyler Phillips,Vinicius Oliveira,Vinicius Oliveira,1.62,22.6,4.9,0.7342150984703344,closed,win,14.012000000000004,62.000000000000014
44,2025-07-15,UFC 318: Holloway vs. Poirier 3,2025-07-15,Francisco Prado,Nikolay Veretennikov,Francisco Prado,1.68,22.6,4.9,0.801372671200948,closed,void,0.0,0.0
45,2025-07-22,UFC Fight Night: Whittaker vs. De Ridder,2025-07-22,Robert Whittaker,Reinier de Ridder,Reinier de Ridder,2.21,22.84,4.9,0.7260554118623459,closed,win,27.6364,121.0
46,2025-07-22,UFC Fight Night: Whittaker vs. De Ridder,2025-07-22,Petr Yan,Marcus McGhee,Marcus McGhee,4.1,22.84,4.9,0.7603214841071104,closed,loss,-22.84,-100.0
47,2025-07-22,UFC Fight Night: Whittaker vs. De Ridder,2025-07-22,Amanda Ribas,Tabatha Ricci,Tabatha Ricci,2.55,22.84,4.9,0.6136286007249807,closed,win,35.401999999999994,154.99999999999997
48,2025-07-26,UFC Fight Night: Albazi vs. Taira,2025-07-26,Mateusz Rebecki,Chris Duncan,Mateusz Rebecki,1.47,23.53,4.9,0.8175301889130293,closed,loss,-23.53,-100.0
49,2025-07-26,UFC Fight Night: Albazi vs. Taira,2025-07-26,Elves Brener,Esteban Ribovics,Esteban Ribovics,1.37,23.53,4.9,0.8438923609748943,open,,0.0,0.0
50,2025-07-26,UFC Fight Night: Albazi vs. Taira,2025-07-26,Piera Rodriguez,Ketlen Souza,Piera Rodriguez,1.59,23.53,4.9,0.7661876259411414,open,,0.0,0.0
51,2025-07-31,UFC Fight Night: Taira vs. Park,2025-07-31,Tatsuro Taira,HyunSung Park,HyunSung Park,3.7,23.53,4.9,0.7639021985315967,open,,0.0,0.0
